"","k","N","NF","NM","SDF","SDM","lam01","lam02","sig1","sig2","SDFS","SDFL","SDMS","SDML","truesig1","truesig2","truelam01","truelam02","N1CI","N2CI","Sig1CI","Sig2CI","Lam01CI","Lam02CI","TrueNF","TrueNM","Model"
"1",1,0,332,275,44.5096204501788,27.5233304961851,0.0555123759532876,0.0209397476306416,0.62166573283933,0.882038349583381,0.0544536738695453,0.00949224620271173,0.154463755471874,0.00632161356573818,0.6,0.9,0.07,0.03,TRUE,FALSE,TRUE,TRUE,TRUE,TRUE,269,170,"BandSMR"
"2",10,0,305,228,45.757242572056,42.9513843151775,0.0794219504903327,0.0171256924833571,0.584887517866642,1.11234642497587,0.0449114257270083,0.0120766880339078,0.145168878171898,0.00469065254605666,0.6,0.9,0.07,0.03,TRUE,TRUE,TRUE,TRUE,TRUE,FALSE,269,187,"BandSMR"
"3",100,0,241,247,43.6658984796416,37.9616242859719,0.0872546504840328,0.0253041265174316,0.681173410807914,0.919954949179589,0.0611541113883377,0.0143649650509264,0.107121859041864,0.00630752644403916,0.6,0.9,0.07,0.03,TRUE,TRUE,TRUE,TRUE,TRUE,TRUE,263,182,"BandSMR"
"4",11,0,284,201,51.7780991136183,36.6555955387413,0.0613266832591637,0.0335662864980951,0.621406678206035,0.97414449205137,0.0525799374321461,0.0106022411533384,0.0950420004387239,0.00751530632363014,0.6,0.9,0.07,0.03,TRUE,TRUE,TRUE,TRUE,TRUE,TRUE,265,182,"BandSMR"
"5",12,0,319,281,40.7650732238933,22.0263264368757,0.0662770550617049,0.0214573248672357,0.608807127351959,1.03569833184288,0.0420954208534032,0.010238070387753,0.123315650523102,0.00496823448426875,0.6,0.9,0.07,0.03,TRUE,FALSE,TRUE,TRUE,TRUE,TRUE,265,183,"BandSMR"
"6",13,0,341,168,43.3837376517624,33.0758540204791,0.075699223704031,0.0471362712744915,0.560942894882249,0.811702598733915,0.0465138096908109,0.012517733813206,0.0650819305402366,0.0083024523795795,0.6,0.9,0.07,0.03,TRUE,TRUE,TRUE,TRUE,TRUE,FALSE,275,171,"BandSMR"
"7",14,0,361,232,33.3730178917977,40.2393326776148,0.0586891582774257,0.0267054111727704,0.689011246225144,0.840954866276387,0.0533620673963338,0.00922735609660385,0.107813893279463,0.00780536250627279,0.6,0.9,0.07,0.03,FALSE,TRUE,TRUE,TRUE,TRUE,TRUE,267,179,"BandSMR"
"8",15,0,362,254,30.9427397185215,33.1873283779439,0.0670679186099163,0.0270759754830423,0.582397041572539,0.878238457423312,0.0464582823632719,0.01127040074982,0.0912158796121206,0.00599654439208954,0.6,0.9,0.07,0.03,FALSE,TRUE,TRUE,TRUE,TRUE,TRUE,270,177,"BandSMR"
"9",16,0,365,280,31.6060159910793,23.4970221104178,0.0764855956988134,0.0510275941050676,0.529652095594223,0.623423048381843,0.0343965008795566,0.0108114166593259,0.0712000822833237,0.0110067110123276,0.6,0.9,0.07,0.03,FALSE,FALSE,TRUE,FALSE,TRUE,FALSE,264,186,"BandSMR"
"10",17,0,314,259,42.1246048537477,31.6497948946042,0.0685265999166103,0.0462005352193935,0.608297828445815,0.707912319940354,0.0502861622915936,0.0119292051328433,0.0599204024501113,0.00849395833848607,0.6,0.9,0.07,0.03,TRUE,FALSE,TRUE,FALSE,TRUE,FALSE,261,180,"BandSMR"
"11",18,0,300,251,46.7659458544316,31.9695380183604,0.0806272930357258,0.0350971692152742,0.571586679710337,0.823704933726045,0.0455723485741219,0.0126967183267223,0.0833072908896107,0.00728569150037257,0.6,0.9,0.07,0.03,TRUE,FALSE,TRUE,TRUE,TRUE,TRUE,260,177,"BandSMR"
"12",19,0,302.5,259,42.7296202016233,31.8736103752316,0.0837651694612874,0.032087370787078,0.604296888749489,0.808586817874199,0.0408123038802442,0.01312091757541,0.0875887420568712,0.006705051109196,0.6,0.9,0.07,0.03,TRUE,TRUE,TRUE,TRUE,TRUE,TRUE,270,183,"BandSMR"
"13",2,0,356,262,34.6135371008625,33.7706643411315,0.0723856904100367,0.0374233964936589,0.611252658001454,0.797327912103882,0.044065676100664,0.0107425345865111,0.080280286806592,0.00880385640202339,0.6,0.9,0.07,0.03,FALSE,TRUE,TRUE,TRUE,TRUE,TRUE,270,182,"BandSMR"
"14",20,0,366,238,31.7753616719137,42.5709191710073,0.0663053129440534,0.0280889318630151,0.590954924080565,0.918806460522943,0.0469475591168072,0.0110304855312285,0.115557143984239,0.00739680810068392,0.6,0.9,0.07,0.03,FALSE,TRUE,TRUE,TRUE,TRUE,TRUE,275,180,"BandSMR"
"15",21,0,357,265,35.0274689214887,28.868748870414,0.0773382789988818,0.0280594360951598,0.564473449696706,0.883357980280933,0.040337568183129,0.0108492923342785,0.091152453127337,0.00613453645523214,0.6,0.9,0.07,0.03,FALSE,FALSE,TRUE,TRUE,TRUE,TRUE,265,179,"BandSMR"
"16",22,0,334,227,40.4025538612853,51.0237378787797,0.0600287057753687,0.0334765528395795,0.58799974293777,0.824731918847837,0.0489015170504036,0.00976379975752286,0.126999947435469,0.00848822868795028,0.6,0.9,0.07,0.03,TRUE,TRUE,TRUE,TRUE,TRUE,TRUE,266,171,"BandSMR"
"17",23,0,347,270,40.0383115351818,27.4963928007793,0.0842145361205381,0.0283584623165022,0.535359568557787,0.831319763264221,0.0414045851701745,0.0139044606665824,0.0828096206027879,0.00605141883770731,0.6,0.9,0.07,0.03,TRUE,FALSE,TRUE,TRUE,TRUE,TRUE,267,181,"BandSMR"
"18",24,0,365,234,32.8032866666727,36.0702453973007,0.0609454649936995,0.0345867770179833,0.601556299947071,0.794842501505824,0.0455140818755898,0.0104561987556855,0.0801448340778226,0.00751530618815503,0.6,0.9,0.07,0.03,FALSE,TRUE,TRUE,TRUE,TRUE,TRUE,268,174,"BandSMR"
"19",25,0,326,208,45.080477572222,46.8141140722953,0.0625990817044697,0.037251925086605,0.596804797546781,0.819273419187685,0.0462179794364755,0.0109213907612392,0.0943183691505651,0.00792887364210279,0.6,0.9,0.07,0.03,TRUE,TRUE,TRUE,TRUE,TRUE,TRUE,272,185,"BandSMR"
"20",26,0,373,190,26.9441604558291,41.8672875740546,0.0572966481710236,0.0359825260732083,0.601487926095728,0.862493296810218,0.0433391209042572,0.0093109941274765,0.11076376416271,0.00868590643627202,0.6,0.9,0.07,0.03,FALSE,TRUE,TRUE,TRUE,TRUE,TRUE,261,180,"BandSMR"
"21",27,0,283,225,48.0053871082466,40.9048108373812,0.0644461408145591,0.024058852871422,0.649519435259308,1.00510458500867,0.0493713179913644,0.0107098558973095,0.14112523493074,0.006698952951026,0.6,0.9,0.07,0.03,TRUE,TRUE,TRUE,TRUE,TRUE,TRUE,270,181,"BandSMR"
"22",28,0,304,204,44.0427779514321,43.1963050762884,0.0816950124705045,0.0360683544251085,0.596143653813066,0.781607065077156,0.0438778032507304,0.0126281050527358,0.0781360886658139,0.00832584542029727,0.6,0.9,0.07,0.03,TRUE,TRUE,TRUE,TRUE,TRUE,TRUE,265,180,"BandSMR"
"23",29,0,357,177,34.8050181405576,39.3178235927674,0.056288061109671,0.038506861859022,0.605219943947778,0.880946977021586,0.0480676390970861,0.010316252304181,0.0762581034062244,0.0083785006742036,0.6,0.9,0.07,0.03,FALSE,TRUE,TRUE,TRUE,TRUE,TRUE,269,182,"BandSMR"
"24",3,0,351,233,40.7014771883327,39.6694178715228,0.0533769871399945,0.0268608258648334,0.56392314288887,0.907251534705092,0.0551431294360398,0.010209730175924,0.114483114725341,0.00648138774388034,0.6,0.9,0.07,0.03,TRUE,TRUE,TRUE,TRUE,TRUE,TRUE,264,174,"BandSMR"
"25",30,0,328,249,39.3085428713845,37.6348776084354,0.0676169866857457,0.0264366169696576,0.654445658351576,0.846661892712251,0.0400075225665283,0.00952652737912923,0.127198034747956,0.00707168015524134,0.6,0.9,0.07,0.03,TRUE,TRUE,TRUE,TRUE,TRUE,TRUE,269,183,"BandSMR"
"26",31,0,361,250,34.0461376905688,38.8661019867342,0.0813622148336186,0.0238379469569941,0.544328943430749,0.985581177879723,0.0380449693339774,0.0122719942908728,0.159200926046166,0.00650131876945043,0.6,0.9,0.07,0.03,FALSE,TRUE,TRUE,TRUE,TRUE,TRUE,268,182,"BandSMR"
"27",32,0,341,260,38.1305760111533,33.3052934882868,0.0571873866547327,0.0311787461307014,0.640646260769954,0.796595001310434,0.0471262791426407,0.00982222075530968,0.0829342195739265,0.00694746977985876,0.6,0.9,0.07,0.03,TRUE,FALSE,TRUE,TRUE,TRUE,TRUE,276,175,"BandSMR"
"28",33,0,317,229,47.4582154632935,35.4432377217812,0.0620085161225327,0.0453389712785813,0.596169336502321,0.790728091269103,0.055401871123387,0.0113481974180231,0.0653245189112268,0.00858147742698689,0.6,0.9,0.07,0.03,TRUE,TRUE,TRUE,TRUE,TRUE,FALSE,262,178,"BandSMR"
"29",34,0,361,245,30.0679144401228,38.8945882240355,0.0633288175689687,0.023913460506077,0.588679026312103,0.940384294719048,0.0462246728680554,0.0108294515123425,0.113915338318839,0.00592672375993936,0.6,0.9,0.07,0.03,FALSE,TRUE,TRUE,TRUE,TRUE,TRUE,270,175,"BandSMR"
"30",35,0,302,259,47.00244415973,31.6374808891079,0.0775442008907219,0.0220269094119285,0.589972966389912,0.917210190954212,0.0468905946978488,0.013413646456287,0.118267266187297,0.00560982993165667,0.6,0.9,0.07,0.03,TRUE,FALSE,TRUE,TRUE,TRUE,TRUE,268,178,"BandSMR"
"31",36,0,361,238,33.2156413695699,38.1172179025793,0.0598818168588676,0.0327628843132249,0.608381382173868,0.847602553801447,0.0450344623739199,0.00955853841331673,0.0945012363321562,0.00798448526982145,0.6,0.9,0.07,0.03,FALSE,TRUE,TRUE,TRUE,TRUE,TRUE,275,184,"BandSMR"
"32",37,0,303,148,44.8408621828481,32.8735294825896,0.100652858609002,0.0372076933770001,0.540758141972381,0.937500287411428,0.0379626224359287,0.0151588420062329,0.0914967924780763,0.00841599477512357,0.6,0.9,0.07,0.03,TRUE,TRUE,TRUE,TRUE,FALSE,TRUE,271,174,"BandSMR"
"33",38,0,370,242,27.7790043101642,36.3690339331248,0.061617999285693,0.0190044159032056,0.62052996225275,1.05500133436943,0.0423514648685674,0.00909624025422097,0.119264984510648,0.0045412118617471,0.6,0.9,0.07,0.03,FALSE,TRUE,TRUE,TRUE,TRUE,FALSE,277,176,"BandSMR"
"34",39,0,367,256,30.2680120452438,33.4668820691377,0.0744045640638952,0.0305914056849857,0.536150001184579,0.82423790416022,0.0424082258560635,0.0112914114162153,0.0879307778673742,0.006890882375162,0.6,0.9,0.07,0.03,FALSE,TRUE,TRUE,TRUE,TRUE,TRUE,264,179,"BandSMR"
"35",4,0,356,190,32.2917159544591,42.9709511460779,0.0767169009388366,0.0338201798549936,0.598548850384778,0.907941168017108,0.0362678743103931,0.0102054882520992,0.103063934766435,0.00924773423206859,0.6,0.9,0.07,0.03,FALSE,TRUE,TRUE,TRUE,TRUE,TRUE,274,177,"BandSMR"
"36",40,0,351,205,34.4935488948131,46.9364384073307,0.0858448871817162,0.0269635520882624,0.555559532086227,0.964910862952793,0.0358043286463422,0.0120569240593566,0.127569702280361,0.00669124797894357,0.6,0.9,0.07,0.03,FALSE,TRUE,TRUE,TRUE,TRUE,TRUE,267,182,"BandSMR"
"37",41,0,347,207,39.0747501157782,41.1778881631077,0.104830075518541,0.0433037430961075,0.480382979494691,0.767540157535015,0.03929483692574,0.0159865150263435,0.0756934412115287,0.00904876368215746,0.6,0.9,0.07,0.03,TRUE,TRUE,FALSE,TRUE,FALSE,TRUE,264,175,"BandSMR"
"38",42,0,368,213,28.5146675360654,39.3540376928107,0.0770956660395238,0.035276583375268,0.543391631317121,0.850716065542,0.0404694438036226,0.0125567173294007,0.0824792290522596,0.00782057310904474,0.6,0.9,0.07,0.03,FALSE,TRUE,TRUE,TRUE,TRUE,TRUE,269,176,"BandSMR"
"39",43,0,361,223,34.4268106978305,39.938676563656,0.0626470325678083,0.0284148304169591,0.608142239093032,0.892908410257214,0.043476939388744,0.0102661583027643,0.101154122958324,0.00725512106499961,0.6,0.9,0.07,0.03,FALSE,TRUE,TRUE,TRUE,TRUE,TRUE,270,182,"BandSMR"
"40",44,0,346,160,42.0472361880204,39.062136072337,0.0724654769149821,0.0353001247621817,0.524440649560004,0.921290787033048,0.0468415608348905,0.011276812293906,0.119372002912961,0.00775799423928661,0.6,0.9,0.07,0.03,TRUE,TRUE,TRUE,TRUE,TRUE,TRUE,271,173,"BandSMR"
"41",45,0,339,270,39.0021148814357,29.9054047802633,0.0795169569678403,0.0174011550446639,0.583823427445666,0.99636774791474,0.0384609107454353,0.0108648733965057,0.151201109988299,0.00550232414199449,0.6,0.9,0.07,0.03,TRUE,FALSE,TRUE,TRUE,TRUE,TRUE,267,178,"BandSMR"
"42",46,0,284,251,54.6669837488326,36.218022667486,0.0646250886014625,0.0311799462242311,0.624671396850054,0.812171018076685,0.0645244138880103,0.011619595869247,0.0848360459732725,0.00677804291920025,0.6,0.9,0.07,0.03,TRUE,TRUE,TRUE,TRUE,TRUE,TRUE,269,176,"BandSMR"
"43",47,0,381,218,22.030746553396,37.6273208291141,0.0598664647970382,0.0280182005786943,0.580135860973481,0.908265823869334,0.0440910416363896,0.00965291006298057,0.099993927632853,0.00611427773644871,0.6,0.9,0.07,0.03,FALSE,TRUE,TRUE,TRUE,TRUE,TRUE,268,183,"BandSMR"
"44",48,0,364,228,33.4048363460573,43.0358778002002,0.0690898291222885,0.0239598312599471,0.562876797629442,0.950097441327357,0.0418860545680754,0.0113394806735107,0.134158926445119,0.00667567133051881,0.6,0.9,0.07,0.03,FALSE,TRUE,TRUE,TRUE,TRUE,TRUE,261,171,"BandSMR"
"45",49,0,294,279,46.2655872227396,23.6663804087423,0.0924065725320596,0.0326436105571739,0.548904334045875,0.767797194217045,0.0409214790868185,0.0146261582909284,0.0902326365773794,0.00776109136185248,0.6,0.9,0.07,0.03,TRUE,FALSE,TRUE,TRUE,TRUE,TRUE,263,173,"BandSMR"
"46",5,0,304,257,45.693100301648,32.3354980144821,0.0863909287206272,0.0254629995488627,0.56786248292249,0.80797466206408,0.0424400670116074,0.0125348254183279,0.0983148842337028,0.00596802336039406,0.6,0.9,0.07,0.03,TRUE,FALSE,TRUE,TRUE,TRUE,TRUE,272,173,"BandSMR"
"47",50,0,337,103,38.6760572923704,23.4500716548415,0.0681691408035644,0.0438744536402591,0.605330947492625,1.07037906299186,0.0465825187436225,0.010908510518613,0.10602115341006,0.00873284748098299,0.6,0.9,0.07,0.03,TRUE,FALSE,TRUE,TRUE,TRUE,TRUE,266,187,"BandSMR"
"48",51,0,335,245,39.549650305343,35.4193090431335,0.0545359090596227,0.0302954152220068,0.656942029345609,0.84312592176279,0.0473159336616591,0.00888362052387307,0.0979117028891679,0.00729253475424154,0.6,0.9,0.07,0.03,TRUE,TRUE,TRUE,TRUE,TRUE,TRUE,268,182,"BandSMR"
"49",52,0,298,194,44.8139035953653,46.1886910960413,0.0875990152034116,0.0377612932222443,0.610125537503337,0.83355004820857,0.0415777232974312,0.0127583038525207,0.104922302566279,0.00819872841462509,0.6,0.9,0.07,0.03,TRUE,TRUE,TRUE,TRUE,TRUE,TRUE,277,177,"BandSMR"
"50",53,0,337,271,40.5205783946544,27.7157385733011,0.0853380578590092,0.0255734538325294,0.580642954716283,0.848713017661598,0.0386854074499315,0.0116108034905281,0.110173524727746,0.00655656211511131,0.6,0.9,0.07,0.03,TRUE,FALSE,TRUE,TRUE,TRUE,TRUE,269,179,"BandSMR"
"51",54,0,315,246,42.716479479112,37.5737969581912,0.0793690341866234,0.0308298299209499,0.580225136124806,0.887500802720798,0.042099071744454,0.0128164196050164,0.0928172325261252,0.00675966980358667,0.6,0.9,0.07,0.03,TRUE,TRUE,TRUE,TRUE,TRUE,TRUE,268,178,"BandSMR"
"52",55,0,361,244,35.1558923352902,36.2371863769135,0.0686050997565157,0.0348018980551642,0.586647215832075,0.826571154714261,0.0433744375934788,0.0103129564194545,0.0823625066592376,0.00709332192277675,0.6,0.9,0.07,0.03,FALSE,TRUE,TRUE,TRUE,TRUE,TRUE,269,176,"BandSMR"
"53",56,0,341,153,42.2128978810088,35.6409632173131,0.0565686934674446,0.0344660654838513,0.61610807090121,0.992793905944964,0.0573598147779576,0.00996465398969684,0.0981447400578466,0.00762028754600017,0.6,0.9,0.07,0.03,TRUE,TRUE,TRUE,TRUE,TRUE,TRUE,266,178,"BandSMR"
"54",57,0,372,230,28.7723343907929,39.0294406105923,0.0634238830593488,0.0483095509494907,0.618579159892588,0.693313024292021,0.0487662456161013,0.009970416894621,0.0755279119776334,0.00997650860273353,0.6,0.9,0.07,0.03,FALSE,TRUE,TRUE,FALSE,TRUE,FALSE,274,180,"BandSMR"
"55",58,0,354,229,35.7301531237964,44.2352510633807,0.0752609068267774,0.031581763364305,0.598137059458566,0.830209056399506,0.0372240716080317,0.0103972008581846,0.125613113101072,0.00794146258989996,0.6,0.9,0.07,0.03,TRUE,TRUE,TRUE,TRUE,TRUE,TRUE,271,180,"BandSMR"
"56",59,0,343,234,38.8913459448218,41.4908227886704,0.0570034516020521,0.0272099959452633,0.654286453004373,0.885203077745911,0.0490761216260408,0.00911411423560814,0.1235561774613,0.00733318933058093,0.6,0.9,0.07,0.03,TRUE,TRUE,TRUE,TRUE,TRUE,TRUE,275,174,"BandSMR"
"57",6,0,335,179,43.9373156495192,54.1437501238658,0.0525419324118718,0.0331893156822333,0.636618274510583,0.890831072430876,0.050290212687925,0.00908222729320243,0.172348345752586,0.0083795846497692,0.6,0.9,0.07,0.03,TRUE,TRUE,TRUE,TRUE,TRUE,TRUE,278,173,"BandSMR"
"58",60,0,288,248,49.4970294656924,34.6931177672292,0.0859049768503073,0.0292170331810864,0.578410663675426,0.913854532305316,0.0489615050368696,0.013563345945391,0.0940560377671443,0.0064236156312826,0.6,0.9,0.07,0.03,TRUE,TRUE,TRUE,TRUE,TRUE,TRUE,271,181,"BandSMR"
"59",61,0,345,173,40.7392905257451,41.9460068568056,0.0668813665117037,0.0373889291725695,0.555617407084135,0.799554569145145,0.0400969889420775,0.0102295119156526,0.0834891510063086,0.00795154044479354,0.6,0.9,0.07,0.03,TRUE,TRUE,TRUE,TRUE,TRUE,TRUE,267,162,"BandSMR"
"60",62,0,318,261,43.5751109705301,29.8194997795001,0.0646110912052381,0.0342782446877015,0.60861513933282,0.76249012108581,0.0505726895319491,0.0106910635377351,0.0812860124312082,0.00774585623802546,0.6,0.9,0.07,0.03,TRUE,FALSE,TRUE,TRUE,TRUE,TRUE,273,182,"BandSMR"
"61",63,0,324,198,43.799452483911,42.2224795163129,0.081857025324562,0.0292153877343685,0.5424911572936,0.930544883323891,0.0448130877192341,0.0136154865435787,0.120064710494462,0.00721640036008151,0.6,0.9,0.07,0.03,TRUE,TRUE,TRUE,TRUE,TRUE,TRUE,270,180,"BandSMR"
"62",64,0,353,243,36.0649926218477,35.7868929494433,0.0704447083811318,0.03152684503584,0.567098803447222,0.86285888683479,0.0392141247571528,0.0114291540727508,0.0822045878236072,0.00704315469349948,0.6,0.9,0.07,0.03,TRUE,TRUE,TRUE,TRUE,TRUE,TRUE,278,180,"BandSMR"
"63",65,0,354,246,34.9479015195014,36.788964602269,0.0863860196504075,0.0374032687249483,0.542785641751911,0.836346066553932,0.0412016668640195,0.0129023806272745,0.0884390132411192,0.00849727931077503,0.6,0.9,0.07,0.03,TRUE,TRUE,TRUE,TRUE,TRUE,TRUE,273,181,"BandSMR"
"64",66,0,359,228,33.7336329088352,40.2193478153764,0.0684939401182158,0.0305306319883875,0.574513701954136,0.892240694352164,0.0406129548337941,0.0102432123983001,0.105403235604564,0.00722093004783491,0.6,0.9,0.07,0.03,FALSE,TRUE,TRUE,TRUE,TRUE,TRUE,267,185,"BandSMR"
"65",67,0,310,206,48.1947805372327,41.0989871192383,0.0783945265545945,0.0355084304708366,0.591134028611188,0.818275464570618,0.0446346789822565,0.0123874227781388,0.0924565641488676,0.0079047408109709,0.6,0.9,0.07,0.03,TRUE,TRUE,TRUE,TRUE,TRUE,TRUE,260,182,"BandSMR"
"66",68,0,322,267,47.7834149172231,30.3809492404679,0.0849008239421454,0.0254704180055704,0.547102272786778,0.868870057447868,0.0399274210493426,0.0132133800703275,0.0947236356866792,0.00557948426538011,0.6,0.9,0.07,0.03,TRUE,FALSE,TRUE,TRUE,TRUE,TRUE,267,182,"BandSMR"
"67",69,0,313,240,45.6237558602869,36.6521044143822,0.0672130890561179,0.023589172268498,0.593862481182974,0.997972089231137,0.0462960473979593,0.0107505071995888,0.102312559424845,0.00504582094248336,0.6,0.9,0.07,0.03,TRUE,TRUE,TRUE,TRUE,TRUE,TRUE,263,181,"BandSMR"
"68",7,0,328,267,41.8864074011555,30.5721214409372,0.0619306137142895,0.0295491197582063,0.621172906637128,0.774986223329058,0.0473477039067058,0.00951218592925395,0.0912771801320765,0.00701233033343243,0.6,0.9,0.07,0.03,TRUE,FALSE,TRUE,TRUE,TRUE,TRUE,270,185,"BandSMR"
"69",70,0,354,202,40.9497547646594,41.4906575987463,0.0717130079222026,0.037594100596877,0.527140966623326,0.831620595552829,0.0503919910128592,0.0125269796022557,0.091279973981295,0.00793397077662806,0.6,0.9,0.07,0.03,TRUE,TRUE,TRUE,TRUE,TRUE,TRUE,279,184,"BandSMR"
"70",71,0,361,216,33.2079935200789,42.5162756385834,0.0672866291482271,0.0374108350754909,0.587406129489358,0.880847847035781,0.0381052154089138,0.0100125592221579,0.109554191476959,0.00832653470204721,0.6,0.9,0.07,0.03,FALSE,TRUE,TRUE,TRUE,TRUE,TRUE,264,176,"BandSMR"
"71",72,0,345,259,39.2217136581909,33.9727347595712,0.0630874695050252,0.0302028764150987,0.650713406534627,0.804586856681342,0.0507125062037204,0.00991277442107671,0.108123727065998,0.00807898147786451,0.6,0.9,0.07,0.03,TRUE,TRUE,TRUE,TRUE,TRUE,TRUE,261,179,"BandSMR"
"72",73,0,354,259,36.9706067051477,32.8367940227637,0.0665396470980869,0.02618636670193,0.580792612359113,0.846889327327197,0.0504117072527228,0.011542560949407,0.0997731223725563,0.00629375121194596,0.6,0.9,0.07,0.03,TRUE,FALSE,TRUE,TRUE,TRUE,TRUE,270,178,"BandSMR"
"73",74,0,304.5,231,45.0758442202639,45.4739940452453,0.0611321991824796,0.0344729008305565,0.609206731403316,0.769045246612101,0.0448637138297966,0.0110950517321738,0.108122876700604,0.00848177481443868,0.6,0.9,0.07,0.03,TRUE,TRUE,TRUE,TRUE,TRUE,TRUE,276,174,"BandSMR"
"74",75,0,335,244,43.6690066682723,35.3350040403433,0.0587740048867275,0.0271732496023977,0.668668988375318,0.886736650650355,0.059433787523763,0.00990696963221604,0.109281185116366,0.00654700856492243,0.6,0.9,0.07,0.03,TRUE,TRUE,TRUE,TRUE,TRUE,TRUE,270,173,"BandSMR"
"75",76,0,341,216,39.6737003024265,39.5213903237676,0.0889386715536509,0.0290259775282299,0.506057342252514,0.897340936980296,0.0345445055945514,0.0141852203569802,0.0822603002720132,0.00675041243226076,0.6,0.9,0.07,0.03,TRUE,TRUE,FALSE,TRUE,TRUE,TRUE,262,171,"BandSMR"
"76",77,0,300,219,48.7975503072157,49.5250908243279,0.061091427678709,0.0197824175091087,0.653445357811827,1.07172719367304,0.0554490250233784,0.0110723804295733,0.205255695294476,0.00577081203356279,0.6,0.9,0.07,0.03,TRUE,TRUE,TRUE,TRUE,TRUE,TRUE,273,177,"BandSMR"
"77",78,0,351,225,39.9736034723391,38.123043626153,0.0439478883260589,0.0323414634909562,0.671268920360264,0.882988989881683,0.0602521843231343,0.00830733906241201,0.0914913467276963,0.00735306783662506,0.6,0.9,0.07,0.03,TRUE,TRUE,TRUE,TRUE,FALSE,TRUE,267,174,"BandSMR"
"78",79,0,368,263,28.8364016787777,29.4890119084431,0.0560519702227277,0.0288162473975425,0.628228177167126,0.804766830602361,0.0506525599072866,0.00941904126593697,0.0834984470057022,0.00637600619202872,0.6,0.9,0.07,0.03,FALSE,FALSE,TRUE,TRUE,TRUE,TRUE,269,173,"BandSMR"
"79",8,0,298,213,50.2183147450733,43.0433307328144,0.0736799119380318,0.0272149028781733,0.595649029210798,0.889767951428913,0.0591985806647321,0.0128001179049215,0.11835485185867,0.00707153999506527,0.6,0.9,0.07,0.03,TRUE,TRUE,TRUE,TRUE,TRUE,TRUE,266,177,"BandSMR"
"80",80,0,297,200,47.6250296303716,41.9574787780445,0.0816466799363678,0.0345154004464268,0.591058130566038,0.830061987298211,0.0452321983997406,0.0123652597742629,0.0970126896175994,0.00861916647391263,0.6,0.9,0.07,0.03,TRUE,TRUE,TRUE,TRUE,TRUE,TRUE,258,186,"BandSMR"
"81",81,0,333,252,39.974345208697,34.2614800991024,0.0680418197513694,0.0155684210520795,0.609102961903436,1.20650104589574,0.0427597391532459,0.0110795122691634,0.148083228193549,0.00418923741915973,0.6,0.9,0.07,0.03,TRUE,TRUE,TRUE,FALSE,TRUE,FALSE,278,181,"BandSMR"
"82",82,0,344,223,39.622723868205,43.3910123548818,0.0700544309242193,0.030393874863482,0.580824273404985,0.796080004162626,0.0459820510085292,0.0108850321456115,0.093243721834133,0.0082088546883089,0.6,0.9,0.07,0.03,TRUE,TRUE,TRUE,TRUE,TRUE,TRUE,268,180,"BandSMR"
"83",83,0,349,178,39.7504412351446,40.249464060833,0.055181628685494,0.02963500636668,0.658760171778024,0.940255755765495,0.0465673431657696,0.00873580531846375,0.109604219925045,0.00747286431448359,0.6,0.9,0.07,0.03,TRUE,TRUE,TRUE,TRUE,TRUE,TRUE,265,189,"BandSMR"
"84",84,0,280,266,53.1318540897178,34.0235798057438,0.0607948009534974,0.0238550405374851,0.655415116168476,0.88837874334273,0.0696554393368134,0.0104486111725375,0.132219237820316,0.00671308642736314,0.6,0.9,0.07,0.03,TRUE,FALSE,TRUE,TRUE,TRUE,TRUE,271,168,"BandSMR"
"85",85,0,338,135,38.4364744613205,36.0138318425353,0.0609091907003465,0.0434786150257646,0.630585547605957,0.908118658439144,0.0435843109725364,0.00980135101923572,0.102120658895546,0.0107439777170883,0.6,0.9,0.07,0.03,TRUE,TRUE,TRUE,TRUE,TRUE,TRUE,265,181,"BandSMR"
"86",86,0,321,198,40.7580252459438,39.9027793311381,0.066411203653338,0.0210864259668326,0.629441355574895,1.11410016044565,0.0437442001064299,0.00999470368273249,0.118121711258558,0.00469310602853149,0.6,0.9,0.07,0.03,TRUE,TRUE,TRUE,FALSE,TRUE,TRUE,266,181,"BandSMR"
"87",87,0,339,246,38.8676005324067,37.278705734045,0.104403397814973,0.0226371770007538,0.542605824629272,0.971127107314981,0.036440088413583,0.0143945444588242,0.139178688762258,0.0063829300743139,0.6,0.9,0.07,0.03,TRUE,TRUE,TRUE,TRUE,FALSE,TRUE,263,177,"BandSMR"
"88",88,0,352,258,36.1150089430086,32.7864908684556,0.0848193101669913,0.020580994733378,0.536782536363007,1.02280950153411,0.0398807329505819,0.0134163281994624,0.111988314584838,0.00467958070712219,0.6,0.9,0.07,0.03,TRUE,TRUE,TRUE,TRUE,TRUE,TRUE,265,181,"BandSMR"
"89",89,0,379,236,23.0746794058308,39.4486213097662,0.0809227167621189,0.0396438719334405,0.517777976567693,0.705548645570969,0.0371354246580137,0.0126758504036026,0.0741673920461114,0.00825961558608786,0.6,0.9,0.07,0.03,FALSE,TRUE,FALSE,FALSE,TRUE,TRUE,274,169,"BandSMR"
"90",9,0,354,268,37.6843960978399,30.1256983717204,0.0864420396141579,0.0287518816473234,0.478108775594302,0.888971562348346,0.0409965367964074,0.0136343258736276,0.109160977125097,0.0067378398261323,0.6,0.9,0.07,0.03,TRUE,FALSE,FALSE,TRUE,TRUE,TRUE,270,176,"BandSMR"
"91",90,0,357,212,38.768878102827,44.9821391384362,0.0973380042554945,0.0164212962398306,0.51554457377882,1.13323594146566,0.038418879350167,0.0150009055851228,0.159407949280467,0.00485998820782817,0.6,0.9,0.07,0.03,TRUE,TRUE,TRUE,TRUE,FALSE,FALSE,264,175,"BandSMR"
"92",91,0,349,264,34.801503193076,30.5885643857986,0.064770952353935,0.0290580721368791,0.592731503423718,0.808680012295332,0.0402288055072829,0.0098923702725294,0.0884325030209396,0.00640440922864813,0.6,0.9,0.07,0.03,FALSE,FALSE,TRUE,TRUE,TRUE,TRUE,260,175,"BandSMR"
"93",92,0,360,256,33.911065986395,34.6304055698817,0.0742875732577076,0.0312953496701697,0.561188301232898,0.787779048420151,0.04216958286028,0.0112828746417739,0.0845206062603276,0.00714036353152755,0.6,0.9,0.07,0.03,FALSE,TRUE,TRUE,TRUE,TRUE,TRUE,273,185,"BandSMR"
"94",93,0,376,272,25.4489963167139,26.918811141741,0.086405019706593,0.037185114269794,0.525710258202321,0.756119858739008,0.0390564051632672,0.0131222699974861,0.0705089330560363,0.00689766406061962,0.6,0.9,0.07,0.03,FALSE,FALSE,TRUE,TRUE,TRUE,TRUE,266,180,"BandSMR"
"95",94,0,319,211,42.4056166383268,39.8580448897519,0.0699525746731891,0.0307645636040395,0.609867537753091,0.83570397759114,0.0430845405639165,0.0113724309396457,0.09338096783356,0.00665716896727518,0.6,0.9,0.07,0.03,TRUE,TRUE,TRUE,TRUE,TRUE,TRUE,269,176,"BandSMR"
"96",95,0,305,206,44.481869227885,43.2520664741067,0.0760033987906085,0.022169469113375,0.587632738337407,1.1034044540766,0.0419207392322759,0.0122330983669206,0.139543380546604,0.00601669038284994,0.6,0.9,0.07,0.03,TRUE,TRUE,TRUE,TRUE,TRUE,TRUE,268,172,"BandSMR"
"97",96,0,371,176,26.928791193623,43.244858341998,0.0762546188424441,0.0374316650422018,0.582226461323851,0.926977764730986,0.0376334922088744,0.01115270822254,0.103811408510634,0.00868362118769527,0.6,0.9,0.07,0.03,FALSE,TRUE,TRUE,TRUE,TRUE,TRUE,274,181,"BandSMR"
"98",97,0,354,186,35.8554866344779,46.1164651347772,0.0752311802151962,0.0421130692329636,0.537489517988121,0.832874217402457,0.0413812466680263,0.0117023222042546,0.0936972351825839,0.00881270718333564,0.6,0.9,0.07,0.03,TRUE,TRUE,TRUE,TRUE,TRUE,TRUE,269,177,"BandSMR"
"99",98,0,334,138,44.4532941970265,31.0115168017106,0.0803861697519787,0.0477712715361688,0.57777031346101,0.799689171644877,0.0429358033089061,0.011306865226097,0.0714000523578756,0.0101270212935362,0.6,0.9,0.07,0.03,TRUE,TRUE,TRUE,TRUE,TRUE,FALSE,267,178,"BandSMR"
"100",99,0,350,241,36.9199461242711,37.5940738983567,0.0849978075160064,0.0401196988611664,0.522686504897514,0.753425150671744,0.0363643018572799,0.0131751968055379,0.0786999129587432,0.00831652172570909,0.6,0.9,0.07,0.03,TRUE,TRUE,TRUE,TRUE,TRUE,TRUE,267,181,"BandSMR"
"101",1,0,269,241,39.2407271266634,39.3825450954833,0.0679089074361948,0.0228707383016965,0.602174918356729,0.899810556270007,0.00208743779521012,0.00861199323188993,0.00460733235307401,0.00478475062374724,0.6,0.9,0.07,0.03,TRUE,TRUE,TRUE,TRUE,TRUE,TRUE,269,170,"TelemetrySMR"
"102",10,0,273,238,36.6843799427383,36.7471731895019,0.081148905839917,0.0239103072366702,0.598987462248451,0.899562174181226,0.00212891128231598,0.00873147957208677,0.0043475358415201,0.00433116564587301,0.6,0.9,0.07,0.03,TRUE,TRUE,TRUE,TRUE,TRUE,TRUE,269,187,"TelemetrySMR"
"103",100,0,306,196,39.7636981862413,34.0621416991347,0.0846398432065154,0.0315316599709317,0.595919085304486,0.905949552382822,0.00210478191980217,0.0103815004022588,0.00456803261524461,0.00536216592672682,0.6,0.9,0.07,0.03,TRUE,TRUE,TRUE,TRUE,TRUE,TRUE,263,182,"TelemetrySMR"
"104",11,0,255,191,40.079689009869,33.2280274574814,0.0721454741954271,0.0381691393073568,0.600505783987211,0.907626537162993,0.002082638890489,0.0090715738694674,0.00456174228114126,0.00607359776320619,0.6,0.9,0.07,0.03,TRUE,TRUE,TRUE,TRUE,TRUE,TRUE,265,182,"TelemetrySMR"
"105",12,0,267,251,41.5070751621964,31.3252788325754,0.0758311940197361,0.0308827814772895,0.603285710122196,0.901129875621323,0.00212048845100364,0.0098772154726016,0.0044284855498842,0.00388235443634078,0.6,0.9,0.07,0.03,TRUE,TRUE,TRUE,TRUE,TRUE,TRUE,265,183,"TelemetrySMR"
"106",13,0,300,129,44.1889639884363,21.7987243771743,0.0726160254286873,0.0444990432759892,0.597178020395266,0.908951200436363,0.0020879960014956,0.0103726603795276,0.00444591634068524,0.00585582940358518,0.6,0.9,0.07,0.03,TRUE,TRUE,TRUE,FALSE,TRUE,FALSE,275,171,"TelemetrySMR"
"107",14,0,371,197,27.964301658529,41.8723206210937,0.0722172110967557,0.0261077103804889,0.597521225984146,0.893486283634692,0.00210904924939612,0.00733168572248085,0.0044531088335858,0.00558204658801754,0.6,0.9,0.07,0.03,FALSE,TRUE,TRUE,TRUE,TRUE,TRUE,267,179,"TelemetrySMR"
"108",15,0,349,235,35.7413898541866,32.60062069432,0.0609463938362442,0.0264688542930169,0.599838989267314,0.895024605779376,0.00208441506994802,0.00683989522948587,0.00444818418581943,0.00356979170801304,0.6,0.9,0.07,0.03,TRUE,TRUE,TRUE,TRUE,TRUE,TRUE,270,177,"TelemetrySMR"
"109",16,0,300,260,38.9969005424345,31.232465391292,0.0654364550555015,0.0269939284491678,0.601330204274063,0.89547834888364,0.00213570319832138,0.00708287409571285,0.00440397289481753,0.00415444598930587,0.6,0.9,0.07,0.03,TRUE,TRUE,TRUE,TRUE,TRUE,TRUE,264,186,"TelemetrySMR"
"110",17,0,285,164,35.9524890853976,30.3483944813517,0.0746348439808301,0.0410757160441447,0.599646586493625,0.900080145690467,0.00209611430997049,0.00762395913339769,0.00452371518660676,0.00653860571312635,0.6,0.9,0.07,0.03,TRUE,TRUE,TRUE,TRUE,TRUE,TRUE,261,180,"TelemetrySMR"
"111",18,0,295,227,41.1687775674595,34.4867204472413,0.0689698433323782,0.0313487785784706,0.599003719121462,0.894305117730388,0.00209596800302303,0.00809401699607178,0.00445832996117426,0.00466614122829715,0.6,0.9,0.07,0.03,TRUE,TRUE,TRUE,TRUE,TRUE,TRUE,260,177,"TelemetrySMR"
"112",19,0,273,192,39.6300197204866,33.983529028906,0.0860961483445677,0.0330600753368883,0.598682098634281,0.898257234881241,0.00204880778721053,0.00947053196223103,0.00441901187615157,0.00513112132011283,0.6,0.9,0.07,0.03,TRUE,TRUE,TRUE,TRUE,TRUE,TRUE,270,183,"TelemetrySMR"
"113",2,0,325,233,36.4790741854586,35.5462317869975,0.0769536999112847,0.0298698220216938,0.598469262535702,0.902532678402785,0.00208362049653776,0.0073961677206596,0.00449606425115534,0.00475053213625235,0.6,0.9,0.07,0.03,TRUE,TRUE,TRUE,TRUE,TRUE,TRUE,270,182,"TelemetrySMR"
"114",20,0,311,231,44.3140600519312,38.4354763730856,0.0752380495386235,0.0294198398920757,0.600822543889767,0.896355922955193,0.00210868870693546,0.0107359001872943,0.00453108215679441,0.00516954319369779,0.6,0.9,0.07,0.03,TRUE,TRUE,TRUE,TRUE,TRUE,TRUE,275,180,"TelemetrySMR"
"115",21,0,295,221,39.5247893956737,36.469313573489,0.0798129462412578,0.0311076905155421,0.594106140044561,0.895915655798216,0.0021084682744521,0.00894669462107679,0.00441405829404262,0.00513138806094991,0.6,0.9,0.07,0.03,TRUE,TRUE,FALSE,TRUE,TRUE,TRUE,265,179,"TelemetrySMR"
"116",22,0,266,193,37.2044439565838,38.7537442815892,0.0673867675627938,0.0315859871771108,0.594731375147984,0.895187668060821,0.00208102188966387,0.00711801924089086,0.00444003669896455,0.00622001145014985,0.6,0.9,0.07,0.03,TRUE,TRUE,FALSE,TRUE,TRUE,TRUE,266,171,"TelemetrySMR"
"117",23,0,323,207,38.2125736036798,34.2848095264725,0.0673147328958913,0.029678983327199,0.598538245217874,0.893938120994997,0.00212141210293511,0.00779481450285014,0.00439391938119223,0.00452531799058257,0.6,0.9,0.07,0.03,TRUE,TRUE,TRUE,TRUE,TRUE,TRUE,267,181,"TelemetrySMR"
"118",24,0,335,179,37.6612779218953,32.399910703412,0.0631440194036074,0.033110665984783,0.598473155981872,0.892209931669451,0.00212367989354743,0.00645329485907198,0.004438491040729,0.00525702483788204,0.6,0.9,0.07,0.03,TRUE,TRUE,TRUE,TRUE,TRUE,TRUE,268,174,"TelemetrySMR"
"119",25,0,254,194,35.9906845902779,33.7354121738311,0.0726833560624394,0.0293880437339985,0.601887556896095,0.903200294059405,0.002137862026922,0.00821703648678858,0.00439707991949802,0.00476378174366782,0.6,0.9,0.07,0.03,TRUE,TRUE,TRUE,TRUE,TRUE,TRUE,272,185,"TelemetrySMR"
"120",26,0,337,207,37.0381374059431,38.657827228026,0.0622705597375025,0.0290145488432457,0.600347606368453,0.901027578189823,0.00212431767685133,0.00651614361670776,0.00456630786633388,0.00535608449234702,0.6,0.9,0.07,0.03,TRUE,TRUE,TRUE,TRUE,TRUE,TRUE,261,180,"TelemetrySMR"
"121",27,0,261,214,34.1168889433545,36.0225793092347,0.076957170662099,0.0300645550065125,0.596097185649679,0.897663400915771,0.00210708419804068,0.00725831052245216,0.0044722935316329,0.00495963713203863,0.6,0.9,0.07,0.03,TRUE,TRUE,TRUE,TRUE,TRUE,TRUE,270,181,"TelemetrySMR"
"122",28,0,301,154,41.0476311873022,32.0774649526078,0.0800533926251276,0.0337988026353575,0.596242087014616,0.897490874793177,0.00209219342611961,0.00924106439107398,0.00450005297033769,0.00594552279758556,0.6,0.9,0.07,0.03,TRUE,TRUE,TRUE,TRUE,TRUE,TRUE,265,180,"TelemetrySMR"
"123",29,0,255,161,41.7709380033029,28.1678966246728,0.0756010131292309,0.0380185659318406,0.599374685885571,0.90299654509504,0.0021078589157222,0.0104335640526026,0.00456762145578636,0.00590797809221977,0.6,0.9,0.07,0.03,TRUE,TRUE,TRUE,TRUE,TRUE,TRUE,269,182,"TelemetrySMR"
"124",3,0,306,208,43.8425543973688,37.5703650071944,0.0533974486703933,0.0299876673417462,0.599887200983079,0.892277591218947,0.00209513124556092,0.00709987494381576,0.00437802741371626,0.0056675638795587,0.6,0.9,0.07,0.03,TRUE,TRUE,TRUE,TRUE,FALSE,TRUE,264,174,"TelemetrySMR"
"125",30,0,283,213,33.9793454037759,38.3577458280875,0.0828264258551561,0.0253912081513359,0.600155091705403,0.906185605813236,0.00206062352323735,0.00722821025330334,0.00445765277727257,0.00468564496819063,0.6,0.9,0.07,0.03,TRUE,TRUE,TRUE,TRUE,FALSE,TRUE,269,183,"TelemetrySMR"
"126",31,0,349,220,34.9666608130279,37.518085173395,0.0628760828979993,0.0303026670809861,0.601669502563605,0.904335954673436,0.00210373699044548,0.00637571263414529,0.00451343001227507,0.00507392968328533,0.6,0.9,0.07,0.03,TRUE,TRUE,TRUE,TRUE,TRUE,TRUE,268,182,"TelemetrySMR"
"127",32,0,334,175,36.6998439271651,35.8872664716561,0.0644280022545937,0.0329776441646719,0.59870805077263,0.906007565250492,0.00214297187098152,0.00637892888741845,0.0045114264768954,0.00619212539113667,0.6,0.9,0.07,0.03,TRUE,TRUE,TRUE,TRUE,TRUE,TRUE,276,175,"TelemetrySMR"
"128",33,0,301,188,40.8123827430124,32.1655211029827,0.063653086599004,0.0408906460437014,0.600138331890758,0.887621661074887,0.00212048524043732,0.00835983588805704,0.00443173551478616,0.00608501120087111,0.6,0.9,0.07,0.03,TRUE,TRUE,TRUE,FALSE,TRUE,FALSE,262,178,"TelemetrySMR"
"129",34,0,344,195,33.7797241525446,34.3449585137448,0.0612432842824697,0.0318703865549451,0.596933692060065,0.89633626277488,0.0021145237959889,0.00622593786492668,0.00437816003073963,0.00496887806092963,0.6,0.9,0.07,0.03,TRUE,TRUE,TRUE,TRUE,TRUE,TRUE,270,175,"TelemetrySMR"
"130",35,0,265,233,40.024235527767,34.1476907886914,0.0821287772039555,0.0244156994911917,0.597215749517061,0.898216188112434,0.00208110510217014,0.0107648487388984,0.00440877884955694,0.00379527025283507,0.6,0.9,0.07,0.03,TRUE,TRUE,TRUE,TRUE,TRUE,TRUE,268,178,"TelemetrySMR"
"131",36,0,314,166,39.043331196539,31.2859081392483,0.0687873660426897,0.037762213101912,0.59960503237241,0.902945884922346,0.0021196601012465,0.00739205440641818,0.0044404124699694,0.00600866290101479,0.6,0.9,0.07,0.03,TRUE,TRUE,TRUE,TRUE,TRUE,TRUE,275,184,"TelemetrySMR"
"132",37,0,295,145,40.8680649782822,26.5116828996882,0.0792319991547475,0.0381877448624457,0.600380080715936,0.903314931197819,0.00210931521352982,0.00953426950281377,0.00446095542553438,0.00578209089552446,0.6,0.9,0.07,0.03,TRUE,TRUE,TRUE,TRUE,TRUE,TRUE,271,174,"TelemetrySMR"
"133",38,0,336,190,39.4385249082956,34.1052743184131,0.0668720901298666,0.0313626722474321,0.600306955399246,0.893237094878262,0.00214441830406136,0.00790895946316253,0.00456330438398894,0.00521806757019408,0.6,0.9,0.07,0.03,TRUE,TRUE,TRUE,TRUE,TRUE,TRUE,277,176,"TelemetrySMR"
"134",39,0,351,176,35.0904028064404,35.4535597276132,0.0586715693321128,0.0339333197021523,0.59858649460863,0.907999840124337,0.00209293442938013,0.00604387769742617,0.00453116591915461,0.00650468642622423,0.6,0.9,0.07,0.03,FALSE,TRUE,TRUE,TRUE,TRUE,TRUE,264,179,"TelemetrySMR"
"135",4,0,316,178,37.3236117545439,36.1468141714381,0.0791299424951862,0.0346702614278776,0.600560776022859,0.896570001746528,0.0020910328221436,0.00761501503311092,0.00447723917133212,0.00607780709320675,0.6,0.9,0.07,0.03,TRUE,TRUE,TRUE,TRUE,TRUE,TRUE,274,177,"TelemetrySMR"
"136",40,0,295,213,38.2861321704902,42.9361490074441,0.080908511054593,0.0286275718776148,0.59926161466434,0.902504820542499,0.00210242828433725,0.00809827693297408,0.00448744658717288,0.0058202723939847,0.6,0.9,0.07,0.03,TRUE,TRUE,TRUE,TRUE,TRUE,TRUE,267,182,"TelemetrySMR"
"137",41,0,296,147,41.7146341930025,30.9747698601136,0.0736872734816545,0.0411267700060982,0.598158487782995,0.900779466720205,0.00212144508931015,0.00942336281581247,0.00455601810481716,0.00747968306164676,0.6,0.9,0.07,0.03,TRUE,TRUE,TRUE,TRUE,TRUE,TRUE,264,175,"TelemetrySMR"
"138",42,0,292,218,38.2252048344898,36.5792256766268,0.0740889477766095,0.0287181605334752,0.598934786401645,0.895888121187703,0.00208380567851173,0.00806506948882697,0.00439211005732792,0.0047882316338841,0.6,0.9,0.07,0.03,TRUE,TRUE,TRUE,TRUE,TRUE,TRUE,269,176,"TelemetrySMR"
"139",43,0,279,210,40.2105251698522,38.1040637031389,0.077074753320534,0.028379608884077,0.601304739011283,0.904920721331078,0.00211861900696286,0.00994006632942782,0.00452129287806894,0.00485014739382672,0.6,0.9,0.07,0.03,TRUE,TRUE,TRUE,TRUE,TRUE,TRUE,270,182,"TelemetrySMR"
"140",44,0,297,138,42.427364613689,25.675181135188,0.0622348235456599,0.0410565954926268,0.601190337542375,0.895923712452244,0.00209775744980993,0.00754831700516603,0.00447081591392501,0.0070471641130849,0.6,0.9,0.07,0.03,TRUE,TRUE,TRUE,TRUE,TRUE,FALSE,271,173,"TelemetrySMR"
"141",45,0,281,256,36.2485964245171,31.2662430734852,0.0848998228250123,0.0222707997039667,0.60090378986691,0.899777147261992,0.00204704008224509,0.00912468896438221,0.00446112405088487,0.00308051414992484,0.6,0.9,0.07,0.03,TRUE,FALSE,TRUE,TRUE,FALSE,FALSE,267,178,"TelemetrySMR"
"142",46,0,334,168,42.1188999466495,31.3248175859034,0.0576659547736912,0.0354174154578298,0.600102274022265,0.905289193745977,0.00212087756521819,0.00803164195696037,0.00455577533766411,0.0062306622668992,0.6,0.9,0.07,0.03,TRUE,TRUE,TRUE,TRUE,TRUE,TRUE,269,176,"TelemetrySMR"
"143",48,0,333,203,41.4494117580961,39.6369700599103,0.0623022257966013,0.0282165613393277,0.598925077006683,0.903539099995898,0.00207940643922257,0.00815557025432716,0.00439235398269328,0.00535388798303772,0.6,0.9,0.07,0.03,TRUE,TRUE,TRUE,TRUE,TRUE,TRUE,261,171,"TelemetrySMR"
"144",49,0,261,246,37.8754254599797,31.8885130234783,0.078626963545621,0.0261101075240062,0.599540186399935,0.891547045213193,0.00213198192215241,0.00961140130263877,0.00436915272802326,0.00344141829060285,0.6,0.9,0.07,0.03,TRUE,FALSE,TRUE,TRUE,TRUE,TRUE,263,173,"TelemetrySMR"
"145",5,0,233,166,32.3984485487616,32.3209007394365,0.0906298857350481,0.0299012020837466,0.596332495420811,0.905909772211261,0.00209400828471588,0.00937528604360113,0.00452860707093749,0.00481857665057579,0.6,0.9,0.07,0.03,TRUE,TRUE,TRUE,TRUE,FALSE,TRUE,272,173,"TelemetrySMR"
"146",50,0,305,128,41.3183641915089,21.6443788374278,0.0713528672831263,0.0491359949037751,0.601485421357198,0.903763949356434,0.00210795808510357,0.00873137903558527,0.0045158574304423,0.00690361705463347,0.6,0.9,0.07,0.03,TRUE,FALSE,TRUE,TRUE,TRUE,FALSE,266,187,"TelemetrySMR"
"147",51,0,348,196,34.9187837617536,37.3036760532648,0.0588439995983625,0.030768857501589,0.600866108347088,0.896472410851214,0.00214606803479378,0.00626752847397572,0.00447083634911188,0.00540179146962556,0.6,0.9,0.07,0.03,FALSE,TRUE,TRUE,TRUE,TRUE,TRUE,268,182,"TelemetrySMR"
"148",52,0,278,163,39.0339132656739,33.8036460688739,0.0915444269262037,0.0355619465652061,0.599211766531798,0.905683211611835,0.0020558824156082,0.0104164813616467,0.00445953441386665,0.00589725965791879,0.6,0.9,0.07,0.03,TRUE,TRUE,TRUE,TRUE,FALSE,TRUE,277,177,"TelemetrySMR"
"149",53,0,294,246,38.222381325839,33.976478106718,0.0858708859556021,0.0242191781676364,0.600776003089246,0.897855468822751,0.0020880219580106,0.00867668791833619,0.00445784189934958,0.0036112856111891,0.6,0.9,0.07,0.03,TRUE,TRUE,TRUE,TRUE,TRUE,TRUE,269,179,"TelemetrySMR"
"150",54,0,275,232,37.7268229893519,32.4026954930872,0.0794506902553016,0.0295197418594541,0.598064386382387,0.90227746887934,0.00209831219644876,0.0087103899335029,0.00451920595476066,0.00403328049209878,0.6,0.9,0.07,0.03,TRUE,TRUE,TRUE,TRUE,TRUE,TRUE,268,178,"TelemetrySMR"
"151",55,0,320,185,40.7963300897749,33.2213353335841,0.0705507352595948,0.0365617388868486,0.601539917091497,0.896222982282331,0.00211425561488254,0.00820449163676589,0.00436120368110258,0.00599385670482822,0.6,0.9,0.07,0.03,TRUE,TRUE,TRUE,TRUE,TRUE,TRUE,269,176,"TelemetrySMR"
"152",56,0,318,167,38.3890046117674,31.5638505397418,0.0620775996388515,0.0363603927864154,0.598502259038926,0.90216142094501,0.00212628864956287,0.00684339701417305,0.0045244207879676,0.00625324912804173,0.6,0.9,0.07,0.03,TRUE,TRUE,TRUE,TRUE,TRUE,TRUE,266,178,"TelemetrySMR"
"153",57,0,365,145,30.6298664025558,30.8015591799236,0.0647708975328936,0.0419232107279846,0.599799493164568,0.893134278506913,0.0020891257813299,0.00630072209850365,0.00443925460729614,0.00765816281010779,0.6,0.9,0.07,0.03,FALSE,TRUE,TRUE,TRUE,TRUE,TRUE,274,180,"TelemetrySMR"
"154",58,0,329,232,36.3854929043925,39.8436742903081,0.0742230754291509,0.0255912274222823,0.602673321430908,0.894466978557385,0.00208635382833927,0.00702207816336772,0.0044133278841316,0.00505534042689657,0.6,0.9,0.07,0.03,TRUE,TRUE,TRUE,TRUE,TRUE,TRUE,271,180,"TelemetrySMR"
"155",59,0,335,201,35.7442460594811,40.6736638791826,0.0640076105751015,0.0285632525025558,0.601925031698474,0.903785729939991,0.00207574398038991,0.00670121036170162,0.00455210050517942,0.00568074150143932,0.6,0.9,0.07,0.03,TRUE,TRUE,TRUE,TRUE,TRUE,TRUE,275,174,"TelemetrySMR"
"156",6,0,314,217,37.9129433841621,37.7911908730197,0.0585010591902984,0.0265229356604938,0.601113337341696,0.899173537711492,0.00208266761106178,0.00590027629310219,0.00438198066986487,0.00450844433248057,0.6,0.9,0.07,0.03,TRUE,TRUE,TRUE,TRUE,TRUE,TRUE,278,173,"TelemetrySMR"
"157",60,0,221,194,32.920667020334,30.5448368759099,0.100825933679238,0.0366526320204252,0.595651305550791,0.893139269007348,0.00211220266588877,0.0129415397155087,0.00440130437701619,0.00507102971955538,0.6,0.9,0.07,0.03,TRUE,TRUE,FALSE,TRUE,FALSE,TRUE,271,181,"TelemetrySMR"
"158",61,0,299,135,39.1827050599463,28.5884877549432,0.0617503448095743,0.0361273179208839,0.600143806727729,0.898339536935604,0.00211902407595172,0.00695016525446501,0.00439506031938969,0.0064825054392016,0.6,0.9,0.07,0.03,TRUE,TRUE,TRUE,TRUE,TRUE,TRUE,267,162,"TelemetrySMR"
"159",62,0,312,221,39.0219916589268,34.6693584340688,0.0667748865063777,0.0270278654691033,0.595962532409672,0.901567261600646,0.00211487916228358,0.00773540493875254,0.00449197559322364,0.00381028102346156,0.6,0.9,0.07,0.03,TRUE,TRUE,TRUE,TRUE,TRUE,TRUE,273,182,"TelemetrySMR"
"160",63,0,277,213,37.5055221775676,37.3714829635954,0.0710701094392142,0.0279914900799071,0.597917003024675,0.895185000423165,0.0021164053421895,0.0078485970483029,0.0045563898060932,0.00482518470576259,0.6,0.9,0.07,0.03,TRUE,TRUE,TRUE,TRUE,TRUE,TRUE,270,180,"TelemetrySMR"
"161",64,0,270,197,39.923598113192,34.0171175485243,0.073965528229161,0.0331550474249964,0.599614518915489,0.900879517458114,0.00208255305248774,0.00934740701775339,0.00454583885831672,0.0053506383255985,0.6,0.9,0.07,0.03,TRUE,TRUE,TRUE,TRUE,TRUE,TRUE,278,180,"TelemetrySMR"
"162",65,0,290,240,38.9520970147751,36.4740502101058,0.0847247287926465,0.0307900853707512,0.595383037846525,0.897869864401839,0.00204626112038946,0.00995003124163386,0.00455325644486258,0.00544524001430201,0.6,0.9,0.07,0.03,TRUE,TRUE,FALSE,TRUE,TRUE,TRUE,273,181,"TelemetrySMR"
"163",66,0,325,204,37.868543097648,34.772778179939,0.0632158104379063,0.0310949628490958,0.597384124331527,0.902241674844239,0.00208014852023418,0.00628954178288355,0.00446254059054964,0.00457825083556825,0.6,0.9,0.07,0.03,TRUE,TRUE,TRUE,TRUE,TRUE,TRUE,267,185,"TelemetrySMR"
"164",67,0,293,186,43.2291591503772,31.5873443007267,0.075220276188957,0.0304055520019288,0.601937952586326,0.897009002432938,0.0021106209634631,0.0100415271023123,0.00441282410544864,0.00430278709285501,0.6,0.9,0.07,0.03,TRUE,TRUE,TRUE,TRUE,TRUE,TRUE,260,182,"TelemetrySMR"
"165",68,0,278,211,38.2913459233342,36.6607192320441,0.0721890927582883,0.028745476040632,0.603495035745383,0.892890121425347,0.00211178260886175,0.00845975160140011,0.00448972424415379,0.00468972643872076,0.6,0.9,0.07,0.03,TRUE,TRUE,TRUE,TRUE,TRUE,TRUE,267,182,"TelemetrySMR"
"166",69,0,294,196,39.9118525653841,33.2978445325216,0.0679169272091165,0.0327782252932348,0.595958415631082,0.901988490968208,0.00211611085272362,0.00766545876174185,0.00446845784286645,0.00484433389192352,0.6,0.9,0.07,0.03,TRUE,TRUE,TRUE,TRUE,TRUE,TRUE,263,181,"TelemetrySMR"
"167",7,0,320,228,39.072768968104,37.6470485672938,0.0631953475392149,0.0251145339164458,0.601353697532649,0.89928011788564,0.00207158414968593,0.00692131249998,0.00440057176011137,0.00452687877036996,0.6,0.9,0.07,0.03,TRUE,TRUE,TRUE,TRUE,TRUE,TRUE,270,185,"TelemetrySMR"
"168",70,0,279,174,46.2397290902267,35.1946078239465,0.069497877576743,0.0351025520652968,0.599433324668502,0.899093663320625,0.00214853078800706,0.0109300040453079,0.00442020513148366,0.00636740250030736,0.6,0.9,0.07,0.03,TRUE,TRUE,TRUE,TRUE,TRUE,TRUE,279,184,"TelemetrySMR"
"169",71,0,314,213,39.9624640900931,35.332573391785,0.0684150136398652,0.0339410522534606,0.599213005328995,0.904709531575584,0.00215269007493503,0.00729178023485707,0.00463418528635487,0.00559741389734365,0.6,0.9,0.07,0.03,TRUE,TRUE,TRUE,TRUE,TRUE,TRUE,264,176,"TelemetrySMR"
"170",72,0,339,225,34.68952842683,35.8313149239,0.0701413957085205,0.0274498889502844,0.600965879644545,0.898624301123829,0.00210225921271756,0.00703266758869764,0.00444879394020656,0.0043213199250578,0.6,0.9,0.07,0.03,FALSE,TRUE,TRUE,TRUE,TRUE,TRUE,261,179,"TelemetrySMR"
"171",73,0,322,239,41.2440559801045,36.3539399832926,0.0639408554001415,0.0239291298360235,0.602372607835169,0.898723395905792,0.00210660068603823,0.00778616538372903,0.004407612242696,0.00381134810802945,0.6,0.9,0.07,0.03,TRUE,TRUE,TRUE,TRUE,TRUE,TRUE,270,178,"TelemetrySMR"
"172",74,0,283,175,43.8055652505753,43.1302912266021,0.0656672768334499,0.0319705701788579,0.597096216338698,0.897035738760352,0.00209506849038309,0.00943463660635356,0.00445378668308854,0.00788809132141111,0.6,0.9,0.07,0.03,TRUE,TRUE,TRUE,TRUE,TRUE,TRUE,276,174,"TelemetrySMR"
"173",75,0,310,207,41.8133882668559,37.0569444337436,0.0756041333723077,0.0294681290578867,0.595897741635065,0.898537512469306,0.00214560196018833,0.00808781006365833,0.00446268665345472,0.00496210441906169,0.6,0.9,0.07,0.03,TRUE,TRUE,TRUE,TRUE,TRUE,TRUE,270,173,"TelemetrySMR"
"174",76,0,267,160,36.4782086035075,28.5598852159187,0.0737016566738213,0.0348839676266054,0.598246375965491,0.901575995531194,0.00210118833019244,0.00812289809425519,0.00445107310227148,0.00538251068322076,0.6,0.9,0.07,0.03,TRUE,TRUE,TRUE,TRUE,TRUE,TRUE,262,171,"TelemetrySMR"
"175",77,0,275,234,39.4903935339613,34.8521913637803,0.0782077998387702,0.0262406194618155,0.597131275696302,0.887000529023275,0.00205759810983593,0.00920734742826965,0.00440813823907683,0.00410643955394923,0.6,0.9,0.07,0.03,TRUE,TRUE,TRUE,FALSE,TRUE,TRUE,273,177,"TelemetrySMR"
"176",78,0,344,193,36.6139527345153,36.2290313013285,0.0542942101007952,0.0338343228155392,0.602260217126937,0.901761904144302,0.00216866647936999,0.00641045115676391,0.00455721499637266,0.0053807661583893,0.6,0.9,0.07,0.03,TRUE,TRUE,TRUE,TRUE,FALSE,TRUE,267,174,"TelemetrySMR"
"177",79,0,326,202,39.5369830561502,36.4150638316618,0.065218101754188,0.0270498510580612,0.601577604379984,0.906915856330735,0.0020988029241121,0.00808402193205033,0.00458746502603438,0.00407621815819956,0.6,0.9,0.07,0.03,TRUE,TRUE,TRUE,TRUE,TRUE,TRUE,269,173,"TelemetrySMR"
"178",8,0,278,183,39.6371048915928,33.1242917360955,0.0749801907718621,0.0290426857545797,0.596815434134571,0.900832958872634,0.00208446454483619,0.00840492983932416,0.00454735820641266,0.0046173945824409,0.6,0.9,0.07,0.03,TRUE,TRUE,TRUE,TRUE,TRUE,TRUE,266,177,"TelemetrySMR"
"179",80,0,251,165,33.490285789838,35.1959523285867,0.0889558850411786,0.0343627375131735,0.601788060881894,0.896171780892961,0.00210924903490571,0.00889846139135109,0.00442318751961741,0.00662528240414983,0.6,0.9,0.07,0.03,TRUE,TRUE,TRUE,TRUE,FALSE,TRUE,258,186,"TelemetrySMR"
"180",81,0,308,235,42.9342892152098,33.0395890017145,0.0690494496519989,0.0270167127683326,0.599554814717524,0.904813485804862,0.00207998165390093,0.00920854259043091,0.00452410468054893,0.00396132910383625,0.6,0.9,0.07,0.03,TRUE,TRUE,TRUE,TRUE,TRUE,TRUE,278,181,"TelemetrySMR"
"181",82,0,280,179,38.6629285941815,38.6645098361527,0.0736010501316668,0.0292817650848492,0.596376353836374,0.896610055083347,0.00214932755942915,0.00806245812337947,0.00455310399264177,0.00617047951273693,0.6,0.9,0.07,0.03,TRUE,TRUE,TRUE,TRUE,TRUE,TRUE,268,180,"TelemetrySMR"
"182",83,0,351,210,35.8590143476422,40.4412347604332,0.0616840973330755,0.0266070941397211,0.604201241659045,0.900341566396518,0.00213701280759357,0.0072729986840678,0.00450505192592782,0.00523742077342555,0.6,0.9,0.07,0.03,FALSE,TRUE,FALSE,TRUE,TRUE,TRUE,265,189,"TelemetrySMR"
"183",84,0,308,220,37.5123395839414,39.5974476070257,0.0644993981612253,0.026411042818084,0.600316456975502,0.904398660261734,0.00212619473671088,0.00646130564205065,0.00460926464695893,0.00488660498883548,0.6,0.9,0.07,0.03,TRUE,TRUE,TRUE,TRUE,TRUE,TRUE,271,168,"TelemetrySMR"
"184",85,0,273,138,35.8074806784161,32.9744044022921,0.0772648311169669,0.0422653988745557,0.601747421929696,0.897449820619582,0.00207766965786711,0.00883687539911852,0.00450875787126392,0.0093975959432415,0.6,0.9,0.07,0.03,TRUE,TRUE,TRUE,TRUE,TRUE,TRUE,265,181,"TelemetrySMR"
"185",86,0,338,196,36.4298131674693,33.7831649037335,0.0666242422099556,0.0303585521924374,0.597480954537924,0.896397692718752,0.00210393067168844,0.00692473428564487,0.00448489160260275,0.0047245650435834,0.6,0.9,0.07,0.03,TRUE,TRUE,TRUE,TRUE,TRUE,TRUE,266,181,"TelemetrySMR"
"186",87,0,296,250,38.6350424577315,33.1613881809084,0.0879592403342086,0.0245399716791011,0.600854907005256,0.899477913137758,0.00214293233720808,0.00945571540628151,0.00442796023400931,0.00386150303958553,0.6,0.9,0.07,0.03,TRUE,TRUE,TRUE,TRUE,FALSE,TRUE,263,177,"TelemetrySMR"
"187",88,0,289,233,39.3982016552,33.1904873524799,0.0787418010162702,0.0270396401846319,0.59818840145644,0.901035839280324,0.00209561917927673,0.00857390599664994,0.0043652606382326,0.00392723134186226,0.6,0.9,0.07,0.03,TRUE,TRUE,TRUE,TRUE,TRUE,TRUE,265,181,"TelemetrySMR"
"188",89,0,284,173,37.1606629044942,31.9531327330588,0.0745185116765838,0.0298882677156732,0.601188460317559,0.901089074972511,0.00214030012952286,0.00784338029806837,0.00456131174036615,0.00476771356655571,0.6,0.9,0.07,0.03,TRUE,TRUE,TRUE,TRUE,TRUE,TRUE,274,169,"TelemetrySMR"
"189",9,0,263,230,41.3485866468294,36.274721913701,0.0704789354692065,0.0312970019831834,0.600775548844889,0.898986006239311,0.00209502425274996,0.00887967660460225,0.00452575327777964,0.00499191873164629,0.6,0.9,0.07,0.03,TRUE,TRUE,TRUE,TRUE,TRUE,TRUE,270,176,"TelemetrySMR"
"190",90,0,297,220,38.74615435986,39.080329715617,0.0798885528746352,0.0240019820604904,0.599370327977251,0.904843304836664,0.00207670591841026,0.00906076463820327,0.00450751725158433,0.00451337307347254,0.6,0.9,0.07,0.03,TRUE,TRUE,TRUE,TRUE,TRUE,TRUE,264,175,"TelemetrySMR"
"191",91,0,305,188,39.6021485767003,29.7642143928116,0.0654965306943788,0.0293110121174055,0.598262888448664,0.904549552053912,0.00208470621101972,0.00646262177609664,0.00450462267183117,0.00383115459808205,0.6,0.9,0.07,0.03,TRUE,TRUE,TRUE,TRUE,TRUE,TRUE,260,175,"TelemetrySMR"
"192",92,0,314,201,41.1552242303497,37.6896886377287,0.07087775944218,0.0283323820881707,0.598026213289025,0.896162720172324,0.00207911220332735,0.0090024808087449,0.00448475521630343,0.00502802940137762,0.6,0.9,0.07,0.03,TRUE,TRUE,TRUE,TRUE,TRUE,TRUE,273,185,"TelemetrySMR"
"193",93,0,329,233,37.6669241240489,34.4271234565507,0.073175769392875,0.0289235370941403,0.597464441383599,0.902585531148174,0.00212685562616092,0.00774342788695699,0.00457425041931981,0.00419484137710247,0.6,0.9,0.07,0.03,TRUE,TRUE,TRUE,TRUE,TRUE,TRUE,266,180,"TelemetrySMR"
"194",94,0,272,169,37.4103662319152,32.5954468092199,0.0792716444433519,0.0323679250954888,0.600721299603696,0.903811433060747,0.00213211306814396,0.00893138251353319,0.00452015008500325,0.00554911859864644,0.6,0.9,0.07,0.03,TRUE,TRUE,TRUE,TRUE,TRUE,TRUE,269,176,"TelemetrySMR"
"195",95,0,298,225,41.6884481457239,39.8150743310585,0.0715989645378516,0.0297389895281927,0.601721060932792,0.90657640374272,0.00211401997870589,0.00822386668104961,0.00461725227341891,0.0057454329760258,0.6,0.9,0.07,0.03,TRUE,TRUE,TRUE,TRUE,TRUE,TRUE,268,172,"TelemetrySMR"
"196",96,0,331,181,35.9817397851632,34.3931647653365,0.0742692875939776,0.0367575041555957,0.59782019181191,0.901963779030983,0.00208339777884588,0.00686275909180642,0.00452269032114086,0.00575506777255177,0.6,0.9,0.07,0.03,TRUE,TRUE,TRUE,TRUE,TRUE,TRUE,274,181,"TelemetrySMR"
"197",97,0,298,167,43.1017729252918,34.4368932547767,0.0683451047579951,0.0393066212079061,0.602292043020396,0.898135490295575,0.0021585413160531,0.0091858305997205,0.00447054939727977,0.00791124441359112,0.6,0.9,0.07,0.03,TRUE,TRUE,TRUE,TRUE,TRUE,TRUE,269,177,"TelemetrySMR"
"198",98,0,284,137,39.5576466574491,26.6993316965757,0.0791991847862816,0.0353311447349747,0.597599089493759,0.896935044089424,0.00209598430835668,0.00876046015466342,0.00447987517409666,0.00623749989836509,0.6,0.9,0.07,0.03,TRUE,TRUE,TRUE,TRUE,TRUE,TRUE,267,178,"TelemetrySMR"
"199",99,0,286,207,41.031924176408,37.5356484010054,0.0730560959892691,0.0302217196484584,0.600943240609644,0.898295221798098,0.00208268663195554,0.00864548812535629,0.00450852533727293,0.00509066548281459,0.6,0.9,0.07,0.03,TRUE,TRUE,TRUE,TRUE,TRUE,TRUE,267,181,"TelemetrySMR"
